Class,TP,FP,FN,Precision,Recall,Accuracy,F1-score
plastic,39,4,7,0.9069767441860465,0.8478260869565217,0.78,0.8764044943820224
metal,60,7,4,0.8955223880597015,0.9375,0.8450704225352113,0.9160305343511451
Overall,99,11,11,0.9,0.9,0.8181818181818182,0.9
